,t,price,chg,value
0,2022-02-13,42242.10014713128,,0.8349041393257628
1,2022-02-14,42601.715072115156,0.008513187642927855,0.8372319941117911
2,2022-02-15,44600.784173821485,0.0469246155541474,0.8439563915752409
3,2022-02-16,43980.5145592428,-0.013907145940782573,0.8428083740245303
4,2022-02-17,40548.839847068106,-0.07802716149562439,0.8458838339373672
5,2022-02-18,40031.590538056174,-0.012756204886817057,0.8464397069554251
6,2022-02-19,40127.36921662781,0.0023925773941104733,0.8487026340793895
7,2022-02-20,38460.391217218545,-0.04154217014352668,0.8493933379001223
8,2022-02-21,37012.56063944516,-0.03764471790201651,0.8470484085004342
9,2022-02-22,38314.64973454055,0.03517965449025762,0.8499073456912734
10,2022-02-23,37311.625612215976,-0.02617860607558553,0.8476248333644568
11,2022-02-24,38305.92776288476,0.026648588324793998,0.86070037705896
12,2022-02-25,39216.70043785011,0.023776285503462224,0.8588520115086026
13,2022-02-26,39048.12227487686,-0.004298631988185808,0.8636496468436725
14,2022-02-27,37721.43341561039,-0.03397574023988481,0.8616289665294583
15,2022-02-28,43204.6016302955,0.14535948711895985,0.8702650347028881
16,2022-03-01,44348.19642695179,0.026469282287153062,0.8662778887194549
17,2022-03-02,43936.409710091975,-0.009285309212925807,0.8667343575898634
18,2022-03-03,42459.603765909036,-0.033612349163880895,0.8704371560340914
19,2022-03-04,39146.88446939763,-0.07802049483964335,0.8651438618321857
20,2022-03-05,39416.46268753545,0.006886326250268082,0.8650297289881257
21,2022-03-06,38423.618936056046,-0.02518855533409825,0.864614303507875
22,2022-03-07,38018.649504925204,-0.010539596278132612,0.8619949539934575
23,2022-03-08,38726.30210218777,0.018613301799973003,0.8611603207264048
24,2022-03-09,41977.383461872,0.0839502142782842,0.8632952024417314
25,2022-03-10,39455.231918722646,-0.06008358156577864,0.8644018165005667
26,2022-03-11,38811.49634111457,-0.01631559482235867,0.8526831484213188
27,2022-03-12,38934.943562897264,0.0031806869979378316,0.8533322527652748
28,2022-03-13,37835.34056652247,-0.02824205959354853,0.8535209179615484
29,2022-03-14,39618.09329122494,0.047118717527281584,0.8560421943673016
30,2022-03-15,39322.548492400296,-0.007459844083160472,0.8612212254970013
31,2022-03-16,41144.92683386696,0.04634435994958119,0.8569364056223856
32,2022-03-17,40948.66565644693,-0.004769996996530801,0.8578284081713495
33,2022-03-18,41819.07160191575,0.021256027064993743,0.8564831550279676
34,2022-03-19,42189.93851884893,0.00886836801312918,0.8652795916561815
35,2022-03-20,41245.0600499595,-0.022395824740709003,0.8645496494297633
36,2022-03-21,41080.71049313168,-0.003984708874923415,0.8618778189453312
37,2022-03-22,42356.043586636035,0.031044572457372244,0.8596059310467509
38,2022-03-23,42893.50667956705,0.012689171306372815,0.8579132575100589
39,2022-03-24,43957.60834926645,0.02480798964861264,0.85817908440083
40,2022-03-25,44383.25712701017,0.009683165070349498,0.8482647031394248
41,2022-03-26,44521.22390547208,0.0031085320770194436,0.8480032618160918
42,2022-03-27,46823.671757069,0.05171573576875388,0.8471083471805699
43,2022-03-28,47063.11400761026,0.005113700860187365,0.8344813355484941
44,2022-03-29,47488.167076256184,0.009031554277882936,0.8342196541354738
45,2022-03-30,47098.9030284521,-0.008197074592898201,0.8388149327191803
46,2022-03-31,45558.26359492149,-0.03271072858320967,0.838017770290406
47,2022-04-01,46259.21355292148,0.01538579179032018,0.8385646605996477
48,2022-04-02,45892.87697835152,-0.007919213199568564,0.8370533693584815
49,2022-04-03,46440.88788145864,0.011941088447464887,0.8463943874161879
50,2022-04-04,46617.08557999999,0.0037940208850248958,0.8513873505723163
51,2022-04-05,45581.29363685984,-0.02221914841421435,0.8587306430193626
52,2022-04-06,43200.531454831995,-0.052231123605114504,0.8520659937681834
53,2022-04-07,43526.58280559332,0.007547392121836083,0.8598782088697468
54,2022-04-08,42307.70715376531,-0.028003017311788225,0.8574928249858974
55,2022-04-09,42772.67059905884,0.010990041214089974,0.8610209042798881
56,2022-04-10,42268.733034196666,-0.011781765267499078,0.8557011704936707
57,2022-04-11,39506.75336961831,-0.06534332747432559,0.8567155735583174
58,2022-04-12,40168.556330824256,0.016751641295710495,0.8515076928702764
59,2022-04-13,41161.49873770926,0.024719394909471726,0.8505860133951171
60,2022-04-14,39919.97210059123,-0.03016232827257659,0.854312865077028
61,2022-04-15,40546.2846225431,0.015689202396576674,0.8535638838206855
62,2022-04-16,40424.48329332248,-0.003004007157610067,0.8509743308295372
63,2022-04-17,39722.81541401445,-0.017357497787088394,0.8550125479737724
64,2022-04-18,40830.99198417304,0.027897734805766516,0.8528440076389467
65,2022-04-19,41502.28247948957,0.016440709928789987,0.8552716824758485
66,2022-04-20,41374.37820120313,-0.0030818613012345564,0.8663530950310834
67,2022-04-21,40527.36408353853,-0.02047194796609586,0.8575523710046926
68,2022-04-22,39740.3198538771,-0.019420069561866926,0.8576909543475502
69,2022-04-23,39486.728711324504,-0.006381205372403609,0.8542932019893951
70,2022-04-24,39485.89575200251,-2.1094665199727913e-05,0.862096652765894
71,2022-04-25,40480.77421078146,0.0251957930757718,0.8614264476498885
72,2022-04-26,38069.26542510226,-0.0595717061418487,0.8592666092134111
73,2022-04-27,39240.46981342193,0.03076509029636787,0.8609717019029982
74,2022-04-28,39755.269132457004,0.01311909162868874,0.8603003833146399
75,2022-04-29,38600.15334653246,-0.029055665101295536,0.8603334929461592
76,2022-04-30,37716.88447570866,-0.02288252232819543,0.8573635264468464
77,2022-05-01,38480.583526462186,0.02024820080898726,0.8557176662981936
78,2022-05-02,38531.468718772856,0.0013223602047427452,0.855129633309962
79,2022-05-03,37751.445816108404,-0.02024378848254016,0.8531840198749705
80,2022-05-04,39693.11146084015,0.05143288164881987,0.8649212793580345
81,2022-05-05,36566.416494445504,-0.07877172767066476,0.8845565545862962
82,2022-05-06,36054.160120902285,-0.014008930123656782,0.8836259851765765
83,2022-05-07,35542.908406590104,-0.01418010328344288,0.8882174357311107
84,2022-05-08,33987.64136065116,-0.04375745023866917,0.8885258158675665
85,2022-05-09,30384.579816402456,-0.10601093220961533,0.9048565654725114
86,2022-05-10,31007.75508938427,0.02050958995475094,0.8547587600161353
87,2022-05-11,28900.18388178579,-0.06796916453716517,0.9201466415316469
88,2022-05-12,29100.432458341842,0.006928972402914679,0.913223080710419
89,2022-05-13,29260.857127744304,0.005512793310962438,0.9337655933644268
90,2022-05-14,30100.30606294746,0.028688460202596522,0.9213956654124491
91,2022-05-15,31300.556130751156,0.0398750120777398,0.9194121700894617
92,2022-05-16,29872.995474244934,-0.0456081563069648,0.91468863712219
93,2022-05-17,30440.96499625081,0.019012807821550792,0.9187816701939359
94,2022-05-18,28762.383964256107,-0.055142175427140394,0.924451071398123
95,2022-05-19,30339.662183305405,0.05483822971730823,0.9225079981956422
96,2022-05-20,29214.74441852466,-0.03707746506814236,0.927006070589274
97,2022-05-21,29423.897190124913,0.007159151167094757,0.9252377538872572
98,2022-05-22,30340.59826685322,0.03115498503835057,0.9267999308856155
99,2022-05-23,29113.477498262575,-0.04044484415889915,0.8807221101436424
100,2022-05-24,29659.86374083428,0.018767467493510992,0.8841223694887967
101,2022-05-25,29571.57167099086,-0.0029768198065543983,0.892534734034058
102,2022-05-26,29337.480184648204,-0.007916098912398861,0.8942213042078779
103,2022-05-27,28607.080774661168,-0.024896460275045773,0.8955639232297896
104,2022-05-28,29030.561174001778,0.014803341965451633,0.8943424440013846
105,2022-05-29,29424.7278790451,0.01357764676613682,0.8888433159595209
106,2022-05-30,31703.036055187767,0.07742835160644512,0.8897516460524103
107,2022-05-31,31835.105083041748,0.004165816410266698,0.9400103659497194
108,2022-06-01,29791.517810438825,-0.06419288603798334,0.9395452963359364
109,2022-06-02,30467.90705585703,0.022704088114006815,0.9391943175893821
110,2022-06-03,29715.661422085002,-0.02468977053110122,0.929388071965937
111,2022-06-04,29828.900897983014,0.003810767470040277,0.9331813675150191
112,2022-06-05,29902.225848888178,0.0024581848039235688,0.9454524117759385
113,2022-06-06,31372.190936767518,0.04915905241662788,0.9414326683381932
114,2022-06-07,31164.901109324943,-0.006607438666313747,0.9399469958160055
115,2022-06-08,30217.64285592475,-0.03039503478856731,0.9397419485138129
116,2022-06-09,30112.46852410158,-0.003480560423744339,0.9410531626277211
117,2022-06-10,29082.150028149434,-0.0342156769753863,0.9434021051352799
118,2022-06-11,28359.078867995013,-0.0248630572173838,0.943739297643048
119,2022-06-12,26773.588380931466,-0.05590768636892762,0.9364322553024745
120,2022-06-13,22499.379928266026,-0.15964271922958195,0.9313303335016604
121,2022-06-14,22202.80373035947,-0.01318152761774416,0.9601358035890138
122,2022-06-15,22567.626204135697,0.016431369578670862,0.9040237237666054
123,2022-06-16,20368.602765294407,-0.0974415039911598,0.888537661627721
124,2022-06-17,20468.644712732967,0.004911576340868029,0.8690644158381916
125,2022-06-18,19021.819037789017,-0.07068497671679841,0.8845714574483814
126,2022-06-19,20526.50952900035,0.07910339637981467,0.882369422813771
127,2022-06-20,20642.670082731303,0.005659050486242823,0.8762567756844478
128,2022-06-21,20722.602939599212,0.0038722150064673944,0.8821371136685572
129,2022-06-22,19984.716873026868,-0.03560778868962955,0.8762340188445895
130,2022-06-23,21080.30984958121,0.05482154105635839,0.8795753016935408
131,2022-06-24,21266.22773041428,0.008819504179952364,0.885098565892133
132,2022-06-25,21481.2629610279,0.010111583179657435,0.8873753147069748
133,2022-06-26,21037.04513372802,-0.020679316114038282,0.8863585152066961
134,2022-06-27,20739.18434332764,-0.014158870150581593,0.8810139376390028
135,2022-06-28,20281.265089953085,-0.022079906605482313,0.8744863019422248
136,2022-06-29,20089.31869066755,-0.009464222198871663,0.8757134620614281
137,2022-06-30,19763.695277436553,-0.01620878329648212,0.8675387224380408
138,2022-07-01,19329.323524347074,-0.021978266057632645,0.8599760767770398
139,2022-07-02,19241.92810316329,-0.004521390573948514,0.8547593620846997
140,2022-07-03,19298.575155335348,0.002943938459199824,0.8543752138415918
141,2022-07-04,20251.369453773485,0.049371225117348816,0.858216976984945
142,2022-07-05,20176.558871836114,-0.0036940999031268573,0.8582621370349709
143,2022-07-06,20561.936326142866,0.01910025672636828,0.8599402866777497
144,2022-07-07,21645.87168703984,0.05271562676316788,0.8631654746047605
145,2022-07-08,21822.087776400476,0.008140863620943684,0.8660077630538274
146,2022-07-09,21588.65287199158,-0.010697184742394117,0.8630543802253792
147,2022-07-10,20856.264413347573,-0.033924694745274486,0.8610731782290223
148,2022-07-11,19991.53678385885,-0.0414612901117285,0.8634042577406992
149,2022-07-12,19321.7059522949,-0.03350571988566542,0.8698437843281281
150,2022-07-13,20196.930717454707,0.045297489120304846,0.8616665859031611
151,2022-07-14,20573.824807352277,0.01866095869566209,0.8648352535169407
152,2022-07-15,20828.23129932541,0.012365541864739482,0.8717335810489625
153,2022-07-16,21196.973531006144,0.017703962779243687,0.8732656427614974
154,2022-07-17,20824.42194398994,-0.017575697137671598,0.8837241170707985
155,2022-07-18,22390.399829502956,0.07519910467262547,0.8858214437961561
156,2022-07-19,23396.615518247112,0.04493960341960057,0.9411314118821703
157,2022-07-20,23318.160458877563,-0.003353265317727727,0.9409260609806254
158,2022-07-21,23157.536312165128,-0.006888371275929006,0.8958227820188239
159,2022-07-22,22716.563626122297,-0.019042297077654924,0.9023832595149232
160,2022-07-23,22479.522933800858,-0.01043470730092566,0.9047261490937618
161,2022-07-24,22625.680262281858,0.006501798499523925,0.9039771035940712
162,2022-07-25,21387.866601532147,-0.05470835114793027,0.9068090049326875
163,2022-07-26,21214.412254926883,-0.008109941483964489,0.9036061044701711
164,2022-07-27,22905.32014678014,0.0797056204779163,0.902017113624975
165,2022-07-28,23839.51203387143,0.04078493036136899,0.9032446876023764
166,2022-07-29,23813.793505656096,-0.001078819406151954,0.9045805925073003
167,2022-07-30,23657.61728929146,-0.006558225018938879,0.9052386724411531
168,2022-07-31,23341.207845733727,-0.01337452710002851,0.9009394792618999
169,2022-08-01,23318.6741289877,-0.0009654049137026721,0.9039970213568548
170,2022-08-02,22981.640631825696,-0.01445337309049799,0.9038136101408831
171,2022-08-03,22852.694401739096,-0.005610836587011558,0.9052482581578004
172,2022-08-04,22640.395589148175,-0.00928988104679529,0.8977126190793474
173,2022-08-05,23248.453926312846,0.02685723112789251,0.8863262915253676
174,2022-08-06,22968.076008948778,-0.012060067230824978,0.8860499378084892
175,2022-08-07,23172.967968987487,0.008920728055709981,0.8858824932524167
176,2022-08-08,23801.349751106758,0.027117017680265976,0.8890235550273433
177,2022-08-09,23173.138371556353,-0.026393939256373233,0.8875090207192213
178,2022-08-10,23933.801912690622,0.03282522759489237,0.8845864281725406
179,2022-08-11,23958.28242853316,0.0010228427531839834,0.8807650728481061
180,2022-08-12,24404.61607193963,0.018629617742334847,0.8759985449410802
181,2022-08-13,24431.26867136331,0.0010921130389887068,0.8742197961986814
182,2022-08-14,24325.84052361464,-0.004315295663390839,0.8725511228148222
183,2022-08-15,24147.30782454935,-0.007339220155290316,0.8722611185001218
184,2022-08-16,23892.484439590542,-0.010552869363753326,0.876239628309853
185,2022-08-17,23318.944335455068,-0.02400504248880464,0.878118753470677
186,2022-08-18,23217.33129464767,-0.004357531770977419,0.8732628427310994
187,2022-08-19,20882.650706712266,-0.1005576635103459,0.8766422909479165
188,2022-08-20,21169.07667228611,0.013715977420518888,0.8764216669230952
189,2022-08-21,21541.531833365298,0.017594303561042635,0.8756810192784271
190,2022-08-22,21371.39526322777,-0.00789807203376347,0.8738318918523176
191,2022-08-23,21526.16649593973,0.007241980731986564,0.8682719831271163
192,2022-08-24,21399.62537870256,-0.0058784789786439084,0.8685429245951551
193,2022-08-25,21604.064567061592,0.009553400339544993,0.8629576887657742
194,2022-08-26,20233.205290858477,-0.06345376685705617,0.8607175277733384
195,2022-08-27,20059.369459056717,-0.008591611131445465,0.8623567793742645
196,2022-08-28,19649.719186255137,-0.020421891806605363,0.8641626807762987
197,2022-08-29,20284.900681060197,0.03232521995781834,0.8647956814820615
198,2022-08-30,19790.327948931073,-0.02438132381840552,0.8653714459934894
199,2022-08-31,20044.007643010933,0.012818367372914752,0.873906384794949
200,2022-09-01,20114.411403902308,0.003512459291838521,0.8753092162045693
201,2022-09-02,19945.951742263733,-0.00837507288957473,0.8815771034684207
202,2022-09-03,19815.049541111643,-0.0065628455760634585,0.881157829191092
203,2022-09-04,19978.806659898455,0.00826428005880353,0.8824690067960274
204,2022-09-05,19832.617272901698,-0.007317223169799658,0.8799626711722376
205,2022-09-06,18849.675355597625,-0.0495618860475423,0.8747174976199531
206,2022-09-07,19290.038203884116,0.023361826661684182,0.8730754627190349
207,2022-09-08,19328.261130636736,0.001981485280051043,0.8744717224633158
208,2022-09-09,21366.23149989915,0.10543992320302831,0.8789854271444985
209,2022-09-10,21678.07543481021,0.01459517720345449,0.8796883139873586
210,2022-09-11,21766.32741685076,0.004071024769054743,0.8799908291213112
211,2022-09-12,22334.58242338902,0.026107068760637064,0.8815494061168085
212,2022-09-13,20189.698956371427,-0.09603418708967881,0.8732078212293477
213,2022-09-14,20253.946038549326,0.003182171379411569,0.8782980424631528
214,2022-09-15,19713.198530982874,-0.026698378011733914,0.8800926430944543
215,2022-09-16,19755.130499405703,0.0021271012087118457,0.880896265560031
216,2022-09-17,20132.063025997544,0.01908023470678577,0.8820768724725457
217,2022-09-18,19415.1877230739,-0.03560863593551766,0.8834936961958786
218,2022-09-19,19562.55262957902,0.007590187053920783,0.8819211597680383
219,2022-09-20,18883.718622870616,-0.034700686539341996,0.8723162278584615
220,2022-09-21,18536.027129914833,-0.01841223648263235,0.8730250377609767
221,2022-09-22,19419.039989088684,0.04763765465949166,0.879821090839866
222,2022-09-23,19305.21772159943,-0.005861374586653589,0.8853879842122485
223,2022-09-24,18945.014357508022,-0.018658342489885515,0.8859548816308227
224,2022-09-25,18794.861261685764,-0.007925731434600403,0.8854058192553541
225,2022-09-26,19204.721621491597,0.02180704364343211,0.8878901845291695
226,2022-09-27,19114.07327902847,-0.004720107078338698,0.8966595259687984
227,2022-09-28,19429.814118028236,0.016518762609652127,0.8987649656472712
228,2022-09-29,19542.477991447384,0.0057985049540236755,0.8770229288591022
229,2022-09-30,19451.411178051847,-0.0046599419702758604,0.8735645686465507
230,2022-10-01,19309.761423934586,-0.007282235351494304,0.86894772607795
231,2022-10-02,19047.29313787495,-0.013592518327766867,0.8658586344238381
232,2022-10-03,19623.384251089832,0.030245300948791742,0.8612807661361817
233,2022-10-04,20336.30525179335,0.036330175854550895,0.8529426613851138
234,2022-10-05,20166.13187675746,-0.008367959318514084,0.8567291196197688
235,2022-10-06,19952.078905905397,-0.010614478381883896,0.8539639378996824
236,2022-10-07,19545.95094878133,-0.020355169956944197,0.8545142101494037
237,2022-10-08,19412.58427765209,-0.0068232377886712214,0.8548627530652732
238,2022-10-09,19443.80179746376,0.0016081073681470937,0.8551508917760496
239,2022-10-10,19141.06149373096,-0.01557001593033569,0.8557174668446306
240,2022-10-11,19049.863257946294,-0.004764533869479171,0.8526648892711338
241,2022-10-12,19157.540765846337,0.005652403192717204,0.857612007410464
242,2022-10-13,19385.411267196836,0.01189455912612436,0.8555504800942553
243,2022-10-14,19186.282344027924,-0.010272102068108802,0.8596649477347662
244,2022-10-15,19066.577628242096,-0.006239078193441161,0.8636456935634642
245,2022-10-16,19266.889583766584,0.01050592085429014,0.8634352240296901
246,2022-10-17,19552.725505162634,0.014835602817638183,0.8621045343800603
247,2022-10-18,19338.522771006774,-0.010955134316149584,0.8687237952437182
248,2022-10-19,19137.395191910455,-0.010400358986977998,0.8646970678339714
249,2022-10-20,19050.92296687311,-0.00451849502872248,0.8627865209346903
250,2022-10-21,19175.577943532553,0.006543251309986564,0.8657051072214432
251,2022-10-22,19207.513247208608,0.0016654154451092307,0.8651823856741602
252,2022-10-23,19569.500491810795,0.01884612755140469,0.8645103302812635
253,2022-10-24,19342.95049774379,-0.011576687619686998,0.8742203801090593
254,2022-10-25,20100.359604506957,0.03915685494059007,0.8726920794669026
255,2022-10-26,20777.237874509534,0.033674933350486214,0.9309796157634379
256,2022-10-27,20285.275882113376,-0.02367793040477817,0.9302653800461407
257,2022-10-28,20601.858817695433,0.015606538329666186,0.9291597474268565
258,2022-10-29,20817.57063369631,0.010470502584727814,0.9359205410335195
259,2022-10-30,20632.63217707936,-0.008883767461204117,0.9363842716396719
260,2022-10-31,20499.21976983443,-0.006466087608207993,0.9470131341935347
261,2022-11-01,20481.88036857486,-0.000845856644997145,0.9487179792728709
262,2022-11-02,20162.89323579758,-0.015574113657391586,0.9485504527359575
263,2022-11-03,20204.764508071905,0.002076650001795688,0.9523937860921595
264,2022-11-04,21149.027552061092,0.04673467209241422,0.968840381621255
265,2022-11-05,21276.101571165622,0.0060085041164053,0.9689742706603736
266,2022-11-06,20932.95670949809,-0.016128183094057946,0.9697877156457815
267,2022-11-07,20593.726758404704,-0.01620554400418084,0.960224987761143
268,2022-11-08,18534.268954303996,-0.10000413369863725,0.965265053429575
269,2022-11-09,15863.344442053849,-0.14410735696321653,0.9586134948976578
270,2022-11-10,17571.845599107495,0.10770119524886557,0.942811284310907
271,2022-11-11,17008.58460348133,-0.03205474305184963,0.940182324539381
272,2022-11-12,16798.10588757484,-0.012374851924093044,0.957247919146291
273,2022-11-13,16346.559408915966,-0.026880797256604416,0.9500442440909184
274,2022-11-14,16634.915116692307,0.017640146807839097,0.9420434389407044
275,2022-11-15,16867.778753046132,0.013998486600040216,0.9426935382355073
276,2022-11-16,16663.07851199409,-0.012135577781103968,0.9415517919911484
277,2022-11-17,16686.21577138809,0.0013885345002335736,0.9454760231732763
278,2022-11-18,16695.351767196946,0.0005475175398679255,0.9467683938865357
279,2022-11-19,16717.710302660806,0.0013392072102242913,0.9473789146612656
280,2022-11-20,16287.915327506316,-0.025708961776068295,0.9451541208541071
281,2022-11-21,15797.530616084778,-0.030107272880612213,0.9519804503317775
282,2022-11-22,16178.883701742954,0.024140044094606017,0.9574012925707035
283,2022-11-23,16622.307375772878,0.027407556800853605,0.8836792969020283
284,2022-11-24,16589.331962069104,-0.001983804832765612,0.8788272927047338
285,2022-11-25,16526.632319993307,-0.00377951578877056,0.8773089160763543
286,2022-11-26,16470.60789995506,-0.0033899477493954944,0.8785150555777145
287,2022-11-27,16449.99694972861,-0.0012513776268393562,0.8763178158885777
288,2022-11-28,16221.619747480898,-0.013883115172947269,0.8740027863127509
289,2022-11-29,16447.88398785202,0.013948313663699308,0.8728395962859947
290,2022-11-30,17178.315406927904,0.04440883821988062,0.8672300305471345
291,2022-12-01,16962.986404228788,-0.012534931254800208,0.8615584289733574
292,2022-12-02,17076.29878343368,0.0066799781892556975,0.8636531243925218
293,2022-12-03,16915.710104628237,-0.009404185347309246,0.8663604472417745
294,2022-12-04,17137.597160609894,0.013117217935825654,0.8642291908132764
295,2022-12-05,16974.709589802966,-0.009504691310011637,0.8613226334387873
296,2022-12-06,17085.275987679506,0.006513595846314724,0.8733484454737954
297,2022-12-07,16850.772515619134,-0.013725471700280267,0.8691040304989428
298,2022-12-08,17243.517501740178,0.023307239223424592,0.866258550129085
299,2022-12-09,17137.659171909483,-0.006139021798772348,0.898779377333822
300,2022-12-10,17124.015477820216,-0.0007961235517877085,0.8980695957367777
301,2022-12-11,17102.83939520771,-0.0012366306629385537,0.8976822138316974
302,2022-12-12,17211.814017390923,0.006371726920019416,0.889804743139505
303,2022-12-13,17783.960092986246,0.03324147443245806,0.8795357187450252
304,2022-12-14,17827.323893486162,0.0024383658236513117,0.8719345955838195
305,2022-12-15,17371.062381647283,-0.025593382078259674,0.8711918874152518
306,2022-12-16,16626.236339648294,-0.04287740298405163,0.8674431949676374
307,2022-12-17,16800.22994630168,0.010465002607864093,0.8715735470933215
308,2022-12-18,16777.875946924985,-0.001330576989014065,0.8657880667185169
309,2022-12-19,16450.95417642902,-0.019485289528313854,0.8616315238435596
310,2022-12-20,16899.81654278975,0.027284883390159997,0.8647980245117468
311,2022-12-21,16810.931353941887,-0.00525953572471094,0.8559111496577165
312,2022-12-22,16829.605383463084,0.0011108265882495694,0.8591381610558358
313,2022-12-23,16795.752196334197,-0.002011525900788569,0.8634965485586118
314,2022-12-24,16850.464096804895,0.003257484382428455,0.8639076084777586
315,2022-12-25,16838.620225324925,-0.0007028810252304174,0.8632856013931319
316,2022-12-26,16892.583089155054,0.0032047081713364456,0.8645491826879305
317,2022-12-27,16711.68712786828,-0.010708602724168736,0.8668760095421617
318,2022-12-28,16547.566869596216,-0.009820687583264931,0.8655341707624791
319,2022-12-29,16633.730496622004,0.0052070269728961005,0.867598024745626
320,2022-12-30,16605.92243616084,-0.0016717873640439418,0.8717222778827796
321,2022-12-31,16553.336986575105,-0.0031666683852036304,0.8653725242081763
322,2023-01-01,16620.819926680455,0.0040766970526897595,0.8735551205953405
323,2023-01-02,16693.930009097385,0.004398704921865448,0.8782719729399049
324,2023-01-03,16682.715885309375,-0.0006717485805858292,0.8839100252774666
325,2023-01-04,16865.15975485146,0.010936101219750416,0.8908625669135849
326,2023-01-05,16841.821595524252,-0.0013838089686931676,0.889799372339396
327,2023-01-06,16961.05741131378,0.007079745805003368,0.8830922627059896
328,2023-01-07,16950.888235989467,-0.0005995602206694262,0.884005356689512
329,2023-01-08,17057.224457919016,0.006273194681549521,0.8823222391210355
330,2023-01-09,17190.709689133,0.00782572988608421,0.8785532868288835
331,2023-01-10,17437.107150361127,0.01433317563287595,0.8773844872403245
332,2023-01-11,17915.65251524473,0.02744408007343635,0.8762044283474939
333,2023-01-12,18869.857175796245,0.05326094931454883,0.8744942270105308
334,2023-01-13,19865.27358276288,0.052751666199329916,0.8710848224889575
335,2023-01-14,21020.72155064192,0.05816421118315862,0.8695611750111787
336,2023-01-15,20873.352880342638,-0.007010638047997064,0.8656787741362516
337,2023-01-16,21171.400108633272,0.014278838191410959,0.8659531579581065
338,2023-01-17,21187.13555809042,0.0007432408521121925,0.8638993083332188
339,2023-01-18,20722.71808503464,-0.021919785795604607,0.8569974908816121
340,2023-01-19,21067.802828202995,0.01665248457042723,0.8624095493711368
341,2023-01-20,22664.23598547725,0.07577596820571841,0.862229728760172
342,2023-01-21,22795.682534805237,0.005799734410293578,0.8684613567247068
343,2023-01-22,22715.780947987507,-0.0035051193003645675,0.8696092257809133
344,2023-01-23,22954.110863578117,0.010491821352579311,0.8571096555522978
345,2023-01-24,22625.995897502617,-0.014294387964995381,0.8539414073159937
346,2023-01-25,23149.5513940547,0.023139555886239283,0.8604268341181704
347,2023-01-26,23023.944572856795,-0.005425885757343929,0.8695418306133484
348,2023-01-27,23071.798990193765,0.0020784630185997077,0.8673225868970671
349,2023-01-28,23015.461679885702,-0.0024418256388246684,0.8665963570325892
350,2023-01-29,23773.985940647322,0.03295716033472096,0.8680895740498302
351,2023-01-30,22813.37972271359,-0.04040577042200333,0.8677567503143689
352,2023-01-31,23137.16102895742,0.01419260583829507,0.865340151053079
353,2023-02-01,23711.52762911039,0.024824419877361725,0.8629044810946052
354,2023-02-02,23494.436388637838,-0.00915551472972298,0.8638360907459366
355,2023-02-03,23459.953587940785,-0.0014677006984398222,0.8684324647465087
356,2023-02-04,23318.747995030815,-0.00601900563786939,0.8749418668451853
357,2023-02-05,22965.072230637783,-0.015167013446365174,0.8762920121859055
358,2023-02-06,22768.971773856076,-0.008539074243367195,0.8671869178518545
359,2023-02-07,23273.984336069887,0.022179858064283797,0.8651354596941118
360,2023-02-08,22945.945606612167,-0.014094652841599054,0.8706711397315501
361,2023-02-09,21835.070474351407,-0.04841269788160951,0.8678927647898014
362,2023-02-10,21641.69281260423,-0.008856287501994964,0.8734190039485178
363,2023-02-11,21871.615072334112,0.010624042292845637,0.8792871404894445
364,2023-02-12,21768.024951463125,-0.004736281272708642,0.878519347477705
365,2023-02-13,21816.4969923938,0.0022267541974412275,0.8774360809731079
366,2023-02-14,22226.89579602301,0.018811397804711527,0.872352065701164
367,2023-02-15,24295.78232684403,0.09308031808882644,0.8773155371231409
368,2023-02-16,23657.250699214906,-0.02628158332335817,0.8741366963286283
369,2023-02-17,24577.916547537967,0.038916857247220715,0.8696002677498751
370,2023-02-18,24636.182656897337,0.0023706691837233063,0.8701127187534964
371,2023-02-19,24359.163469117113,-0.011244403876940257,0.869071925132016
372,2023-02-20,24801.82540365762,0.018172296232656926,0.8690804420088887
373,2023-02-21,24412.776676307418,-0.015686294094015785,0.8804117158264365
374,2023-02-22,24190.5007953479,-0.009104899614931439,0.8799182951043353
375,2023-02-23,23946.336654247774,-0.010093389267372355,0.8885674981660249
376,2023-02-24,23203.82540474613,-0.031007300207229527,0.878874668604759
377,2023-02-25,23169.27307984902,-0.0014890788175834224,0.880483490118821
378,2023-02-26,23540.451272020735,0.01602027784352633,0.8808901163334472
379,2023-02-27,23519.86397926934,-0.0008745496215641912,0.8813299958297574
380,2023-02-28,23159.353803700138,-0.015327902231363155,0.8920291769144986
381,2023-03-01,23652.749773776173,0.02130439278479379,0.897877240101433
382,2023-03-02,23479.32188706886,-0.00733225051488906,0.8972866616804845
383,2023-03-03,22359.217209688275,-0.047706006279401136,0.8963575909686518
384,2023-03-04,22347.343924232096,-0.0005310242011081767,0.896224901642215
385,2023-03-05,22442.474538898794,0.004256909232221773,0.8908482581913183
386,2023-03-06,22428.676393518344,-0.0006148228153955992,0.8905374191301634
387,2023-03-07,22221.313226919403,-0.009245448236030018,0.8985223159013609
388,2023-03-08,21723.276831259012,-0.02241255458552549,0.893784067565021
389,2023-03-09,20370.74661110651,-0.062261795522775776,0.9009753149379192
390,2023-03-10,20176.78764593187,-0.009521446065648531,0.8948970981811674
391,2023-03-11,20663.89719135908,0.024142076230128984,0.8860009165994028
392,2023-03-12,22123.742226945214,0.07064713021300695,0.8862164410640064
393,2023-03-13,24156.667897069296,0.09188886985168887,0.8949689045577733
394,2023-03-14,24781.78527959265,0.02587763284187017,0.9065013117854672
395,2023-03-15,24377.294010428475,-0.016322119839254023,0.9103429984154099
396,2023-03-16,25050.149260649938,0.027601720270248986,0.9141636195565166
397,2023-03-17,27399.951852648937,0.09380393575898527,0.911372346026858
398,2023-03-18,26954.365598303048,-0.016262300632576165,0.9133775086093885
399,2023-03-19,28101.0152763422,0.04254040681674742,0.9133537952224967
400,2023-03-20,27716.68596411194,-0.013676705572763459,0.8949771181192996
401,2023-03-21,28151.325120805166,0.015681498042587227,0.8913292521520284
402,2023-03-22,27328.397630955416,-0.029232282541526544,0.8951184131855017
403,2023-03-23,28335.162072349918,0.03683949768990913,0.9039559082528003
404,2023-03-24,27446.942553907422,-0.03134690093441328,0.9034289464088392
405,2023-03-25,27488.802455098434,0.0015251207346245188,0.9055443150256071
406,2023-03-26,28013.827723292638,0.019099604977401485,0.906091538488227
407,2023-03-27,27158.49930246268,-0.03053236527612324,0.8978406613579701
408,2023-03-28,27270.262932972306,0.004115235870175482,0.8928691913926453
409,2023-03-29,28349.63275109303,0.0395804697876847,0.8968609702144454
410,2023-03-30,28021.210388332405,-0.011584713129942137,0.9139575534815724
411,2023-03-31,28479.228718902847,0.016345415641329852,0.9051387414094768
412,2023-04-01,28473.56837782141,-0.000198753313767841,0.9095491992509128
413,2023-04-02,28194.102231885154,-0.009814932298894408,0.9097359624299708
414,2023-04-03,27767.63785170151,-0.015126013826442963,0.9140812759055335
415,2023-04-04,28167.697403943024,0.01440740312078792,0.9120553036923283
416,2023-04-05,28173.736291600682,0.00021439053292349186,0.9135856189274347
417,2023-04-06,28041.19753100738,-0.004704337373698464,0.9090345890715135
418,2023-04-07,27924.68058882831,-0.004155205641635962,0.910541855296486
419,2023-04-08,27942.767665628813,0.0006477093531283007,0.9090323299311696
420,2023-04-09,28340.416853780815,0.014230844736297543,0.9098322242519906
421,2023-04-10,29628.54437551461,0.0454519610060693,0.9092770607433268
422,2023-04-11,30254.021967481985,0.02111064195527179,0.9218359310657146
423,2023-04-12,29887.199958781384,-0.01212473531931968,0.9240639710865265
424,2023-04-13,30391.673895501157,0.01687926394628847,0.9258549364620173
425,2023-04-14,30476.95173862477,0.0028059607186110558,0.9043369835459449
426,2023-04-15,30311.345451635145,-0.005433820560858393,0.9055597681589309
427,2023-04-16,30307.756522115076,-0.00011840218461423024,0.904323412025046
428,2023-04-17,29459.37964860508,-0.02799207103603818,0.9001832256105323
429,2023-04-18,30374.50558723556,0.031063992166373122,0.8980435176886987
430,2023-04-19,28787.57627508887,-0.05224543680518612,0.907599811253477
431,2023-04-20,28262.494090942444,-0.018239888593914122,0.9073877311355705
432,2023-04-21,27284.58168883573,-0.03460106524781603,0.9059877523450709
433,2023-04-22,27809.96300881529,0.01925561205120241,0.9066483913815592
434,2023-04-23,27598.759708663023,-0.0075945192766103675,0.907386994497176
435,2023-04-24,27524.767020567222,-0.0026810149759221025,0.9092562989450199
436,2023-04-25,28336.037969616555,0.02947421674607198,0.8662369877863764
437,2023-04-26,28377.978077009207,0.001480097797639246,0.8595947648249097
438,2023-04-27,29474.46553214314,0.038638674403031814,0.8582529974654798
439,2023-04-28,29357.33431409007,-0.003973989551238288,0.8537943214697132
440,2023-04-29,29231.586577884973,-0.004283349941099468,0.8574697191343189
441,2023-04-30,29325.839942609797,0.003224367054921684,0.8569579192143988
442,2023-05-01,28095.04191635984,-0.041969745066419484,0.8595255430359813
443,2023-05-02,28648.368858135924,0.01969482527996802,0.8536376008120354
444,2023-05-03,29007.545886281336,0.012537433803789133,0.8615872257367072
445,2023-05-04,28844.32301675311,-0.005626910672419827,0.8608305457746125
446,2023-05-05,29524.609260071302,0.02358475332990384,0.851435447213321
447,2023-05-06,28917.360787434176,-0.02056753629787611,0.8519493968995038
448,2023-05-07,28441.368038323788,-0.016460449230111918,0.9021552391023148
449,2023-05-08,27716.36726269018,-0.02549106550207758,0.8956258584012229
450,2023-05-09,27652.946629825146,-0.002288201489897501,0.8922248973048189
451,2023-05-10,27611.858126547642,-0.001485863471532789,0.8918269492169256
452,2023-05-11,27002.493000172744,-0.02206896484771592,0.8896899507921977
453,2023-05-12,26817.235476950114,-0.006860756272446533,0.8920989011811005
454,2023-05-13,26803.493662934154,-0.000512424706408332,0.8923612192918332
455,2023-05-14,26916.442275472484,0.00421395113483003,0.8964779842686145
456,2023-05-15,27197.153592811548,0.010428990371987634,0.8876939136557378
457,2023-05-16,27028.621511356065,-0.006196680872517013,0.8937301986089818
458,2023-05-17,27402.01958000473,0.013814913516465577,0.8960460264519109
459,2023-05-18,26834.61274945016,-0.020706752248604632,0.8914781886416818
460,2023-05-19,26876.99632127679,0.0015794366858339348,0.8955675773141889
461,2023-05-20,27123.23025846794,0.009161512478841338,0.8952857461574267
462,2023-05-21,26754.833172103663,-0.013582345570703591,0.8974125798277376
463,2023-05-22,26854.945819255605,0.0037418527900343612,0.94365117166702
464,2023-05-23,27222.424868350903,0.013683849953322502,0.942418567646167
465,2023-05-24,26342.006519090177,-0.03234165778832987,0.9425872464210872
466,2023-05-25,26477.09720314349,0.005128336900054098,0.9456670918480822
467,2023-05-26,26719.11654816123,0.009140705386276426,0.9334519286619114
468,2023-05-27,26868.22841128472,0.005580718316592348,0.9380296841049804
469,2023-05-28,28107.05501166292,0.04610749102675826,0.9386867911410937
470,2023-05-29,27753.18340888466,-0.01259013449226265,0.9459613441488793
471,2023-05-30,27705.13798975791,-0.0017311678598775915,0.9487709193351037
472,2023-05-31,27228.568804595274,-0.017201473074734963,0.9468947281597351
473,2023-06-01,26816.713027740294,-0.015125869442887185,0.9461824726603258
474,2023-06-02,27247.550684674574,0.016066012881168712,0.9447616851961957
475,2023-06-03,27066.7495139147,-0.006635501768662344,0.9467169436141019
476,2023-06-04,27100.67253528046,0.0012533097610527566,0.9518665269085442
477,2023-06-05,25770.957102030523,-0.04906577250136046,0.9480032540128953
478,2023-06-06,27208.730403482336,0.055790450302620975,0.9492819625196192
479,2023-06-07,26354.280004989407,-0.0314035379755746,0.940849425481973
480,2023-06-08,26518.652024648498,0.006237014239355965,0.9412695868771331
481,2023-06-09,26488.60896191271,-0.0011329030867732737,0.9393152694933546
482,2023-06-10,25862.006390844374,-0.02365554838947226,0.9418838526350071
483,2023-06-11,25917.197734457386,0.0021340704498684637,0.9437582817882815
484,2023-06-12,25898.42298195509,-0.0007244129050779646,0.9458550607007463
485,2023-06-13,25897.153585558786,-4.901442829885472e-05,0.947844331805931
486,2023-06-14,25122.962560064232,-0.02989483083292488,0.9477803613209538
487,2023-06-15,25565.913416730844,0.01763131460342704,0.8921611476348658
488,2023-06-16,26322.863966129666,0.02960780383866357,0.8896723609477665
489,2023-06-17,26517.594549064645,0.007397773402831209,0.8938330808290813
490,2023-06-18,26325.890181020062,-0.007229327218570947,0.8903498499266087
491,2023-06-19,26783.247196944085,0.017372898419737437,0.8876344125981673
492,2023-06-20,28363.135028314235,0.05898791209866494,0.8827074796778662
493,2023-06-21,30038.519709239063,0.059069093710985454,0.8861362102534199
494,2023-06-22,29915.44030512156,-0.0040973858002612,0.8813569858197499
495,2023-06-23,30622.93364729128,0.02364977198910223,0.873922399577702
496,2023-06-24,30542.42425169211,-0.00262905561323612,0.8731161955076486
497,2023-06-25,30464.376844249182,-0.002555376966797418,0.8740368692942083
498,2023-06-26,30286.01992715319,-0.005854605791145939,0.8665173556336004
499,2023-06-27,30725.454353484343,0.014509480855791734,0.8674493180826581
500,2023-06-28,30091.639756842567,-0.02062832299727735,0.869335331772912
501,2023-06-29,30458.25082527999,0.012183153573545491,0.8754301175847273
502,2023-06-30,30490.79151531946,0.0010683702825264874,0.8745648207947689
503,2023-07-01,30586.162609388637,0.003127865474441993,0.8656511157066169
504,2023-07-02,30622.236997230142,0.0011794349066343024,0.865414623397275
505,2023-07-03,31152.71345099531,0.017323243034568447,0.8612712791805919
506,2023-07-04,30791.354325502583,-0.011599603548537174,0.8647037607256078
507,2023-07-05,30501.977712828342,-0.009397982616002332,0.8655175572226121
508,2023-07-06,29995.78929501398,-0.01659526548016177,0.8679300971504769
509,2023-07-07,30321.16437340287,0.010847358447172883,0.8594130964911851
510,2023-07-08,30270.047123742435,-0.0016858603789395854,0.8640306209120523
511,2023-07-09,30177.561426355973,-0.003055353597844923,0.8639682288411589
512,2023-07-10,30399.567625261745,0.00735666463466722,0.8649755948012922
513,2023-07-11,30625.232132437995,0.007423280158390222,0.8616255410767437
514,2023-07-12,30386.18488430355,-0.007805565263985237,0.8654321655474899
515,2023-07-13,31454.38545802463,0.03515415238169228,0.8657735553661376
516,2023-07-14,30326.141483997275,-0.03586921052814651,0.8677493737133686
517,2023-07-15,30291.10855315059,-0.00115520567841354,0.8649128682999488
518,2023-07-16,30232.865942206074,-0.0019227626101011586,0.865052809753349
519,2023-07-17,30160.64713176639,-0.0023887517173443173,0.8681398599909153
520,2023-07-18,29854.16162945489,-0.010161768113678638,0.8686351750747927
521,2023-07-19,29928.062633779253,0.0024754004229496918,0.867922661406588
522,2023-07-20,29795.75093290666,-0.00442099117780026,0.8682638413255204
523,2023-07-21,29918.062245160505,0.004104991766418653,0.8668115653099215
524,2023-07-22,29748.925990767475,-0.0056533158132722194,0.8660540294185888
525,2023-07-23,30058.58125631577,0.010408956129858149,0.863875908819223
526,2023-07-24,29181.39279934082,-0.02918263006144506,0.8719606750553868
527,2023-07-25,29242.270071832383,0.002086167473573708,0.8720375877239458
528,2023-07-26,29339.2283738779,0.003315689986014947,0.8679482163430042
529,2023-07-27,29204.350222111545,-0.004597194924405135,0.8721617890050655
530,2023-07-28,29320.936348486426,0.003992080819747557,0.8753996551639868
531,2023-07-29,29359.272680810667,0.0013074729902415871,0.8755951528145134
532,2023-07-30,29275.10910622398,-0.002866677778489257,0.8736194759981529
533,2023-07-31,29229.676628312478,-0.0015519148962571672,0.8746239872814416
534,2023-08-01,29668.578113968357,0.01501561208620239,0.8775773338894781
535,2023-08-02,29150.178200398568,-0.01747302858864408,0.8729829221601977
536,2023-08-03,29175.816355589963,0.0008795196727491295,0.8689024710607611
537,2023-08-04,29074.55254832058,-0.003470813156869257,0.8686654048480867
538,2023-08-05,29045.616254230372,-0.0009952446918010116,0.8703372929814316
539,2023-08-06,29042.04802116779,-0.00012284928064021372,0.8707031061099894
540,2023-08-07,29179.454872828293,0.004731307226004011,0.8734446197933805
541,2023-08-08,29763.239718571713,0.020006708428505826,0.8728657763059802
542,2023-08-09,29578.60473505506,-0.006203457192915818,0.8658850215320342
543,2023-08-10,29437.842638449863,-0.004758916043067218,0.8645389051464041
544,2023-08-11,29401.40285882531,-0.001237854963493823,0.8673311850506135
545,2023-08-12,29416.320952191803,0.0005073939307633779,0.867026681825347
546,2023-08-13,29283.43307637891,-0.004517487962851119,0.8658048581009562
547,2023-08-14,29412.662963212904,0.004413071599116414,0.861192001820088
548,2023-08-15,29168.939310289417,-0.00828635112802667,0.8607418630466255
549,2023-08-16,28716.95567567704,-0.015495374370810278,0.8629595314712077
550,2023-08-17,26641.149017583273,-0.07228505282863085,0.8643078304462557
551,2023-08-18,26047.655701857013,-0.022277316767927435,0.8743721779101709
552,2023-08-19,26087.668151379323,0.0015361247852894166,0.8725329221091145
553,2023-08-20,26188.294015057727,0.003857219552721336,0.8720962626153026
554,2023-08-21,26119.686599780398,-0.00261977413411818,0.8701725574876282
555,2023-08-22,26023.458488996606,-0.0036841219520834523,0.8707327376417474
556,2023-08-23,26424.425885267043,0.015407921143147707,0.8681314250869034
557,2023-08-24,26139.04009454925,-0.010800075352891958,0.8680086106450193
558,2023-08-25,26051.027696278252,-0.003367086088572613,0.8628373777949427
559,2023-08-26,26006.671536422888,-0.0017026644926450007,0.8617430476122286
560,2023-08-27,26087.225224087328,0.003097423964909307,0.861606022987304
561,2023-08-28,26108.558274788975,0.0008177585204405258,0.8597576337137707
562,2023-08-29,27722.85715062194,0.06183025729887848,0.8539310275514327
563,2023-08-30,27301.802992845187,-0.015187978478881536,0.8528183533943208
564,2023-08-31,25929.8273633107,-0.05025219872453235,0.8548510345674645
565,2023-09-01,25802.67758142681,-0.00490361081477142,0.8576357721693494
566,2023-09-02,25862.66214030542,0.002324741635410188,0.8570079922185068
567,2023-09-03,25971.119276963313,0.004193579766441413,0.8562641700750155
568,2023-09-04,25818.20041658717,-0.005888035041746731,0.8551122208782883
569,2023-09-05,25776.093195492627,-0.001630912318253186,0.8604408473275494
570,2023-09-06,25755.84492577595,-0.0007855445572418907,0.8582567515586357
571,2023-09-07,26215.697676473963,0.01785430654762954,0.8597872925306655
572,2023-09-08,25903.455817156737,-0.011910492071223189,0.8583552442128963
573,2023-09-09,25894.371678926407,-0.0003506921352290915,0.8580539749023403
574,2023-09-10,25841.89153717815,-0.002026700720873853,0.8572002898622294
575,2023-09-11,25131.853610748836,-0.027476236614018767,0.8595195708552135
576,2023-09-12,25851.238275387826,0.028624417274629943,0.8590553090686367
577,2023-09-13,26230.41129600612,0.01466749935067102,0.858121554934194
578,2023-09-14,26536.08220778043,0.011653302280504096,0.8584483341614241
579,2023-09-15,26647.223409797887,0.004188304857785985,0.8611093882426121
580,2023-09-16,26560.681826478944,-0.0032476773278796722,0.862103847664014
581,2023-09-17,26527.935573605875,-0.0012328844977324005,0.8616364593276459
582,2023-09-18,26750.830658687613,0.00840227783512515,0.8616206502942614
583,2023-09-19,27225.165288012224,0.017731585062782607,0.8592138397744273
584,2023-09-20,27130.319893611046,-0.0034837398927727303,0.8564730262455467
585,2023-09-21,26565.444330587725,-0.020820822063227662,0.8588867438652409
586,2023-09-22,26580.948241165996,0.0005836119428432873,0.8606971697223957
587,2023-09-23,26579.711860935837,-4.651377441244886e-05,0.8547930334023723
588,2023-09-24,26251.94000126036,-0.012331655865585378,0.8578509688792548
589,2023-09-25,26301.84780924953,0.0019011093270355772,0.8565815028607872
590,2023-09-26,26207.098840276893,-0.003602369295868213,0.8544584376952499
591,2023-09-27,26351.923799727545,0.005526172901980209,0.8542266931662451
592,2023-09-28,27020.0201195083,0.025352848044728482,0.8538516599637553
593,2023-09-29,26918.04725949445,-0.0037739742443871904,0.8539537878589554
594,2023-09-30,26969.662422276026,0.0019174928360885524,0.8523467695381176
595,2023-10-01,27971.720079662788,0.03715499444142445,0.8505152016916532
596,2023-10-02,27615.810922283403,-0.012723892430131722,0.8491212521131042
597,2023-10-03,27442.04846351269,-0.006292136749477262,0.8473222508424785
598,2023-10-04,27793.835595991313,0.012819273785131813,0.8482933310713072
599,2023-10-05,27435.1378448644,-0.012905658518705843,0.8431978451221018
600,2023-10-06,27945.923371919063,0.018617931863254,0.8414856095483817
601,2023-10-07,27972.86168328721,0.0009639442221907046,0.8413513933232514
602,2023-10-08,27946.940819119573,-0.0009266432752257359,0.8427245907577635
603,2023-10-09,27589.872528307096,-0.01277665033620401,0.8483314750124366
604,2023-10-10,27391.340515995755,-0.0071958292706009175,0.8533702540520963
605,2023-10-11,26839.4634565126,-0.020147866044046836,0.8577838467572306
606,2023-10-12,26740.622279190473,-0.0036826808211825046,0.8575469160528745
607,2023-10-13,26846.408960513527,0.003956029153643792,0.857399306680135
608,2023-10-14,26863.172256085036,0.0006244148182412701,0.8559148873891421
609,2023-10-15,27147.722756725423,0.010592587425185096,0.8563807568172175
610,2023-10-16,28525.712165863904,0.05075893184437019,0.8569990914193598
611,2023-10-17,28418.949444907274,-0.003742683805257996,0.8560288862179205
612,2023-10-18,28329.06095625457,-0.0031629771827759168,0.8580820403620391
613,2023-10-19,28706.162829946654,0.013311485130919065,0.8448009026370077
614,2023-10-20,29681.53100155717,0.033977657598771804,0.8517644570523946
615,2023-10-21,29910.698211552164,0.00772086891282564,0.8569165090676606
616,2023-10-22,29976.48140937994,0.002199320034674601,0.8623098695709399
617,2023-10-23,32960.903130020706,0.09955877342251762,0.8594433999079145
618,2023-10-24,33832.92156782277,0.02645614515968253,0.8574822635429576
619,2023-10-25,34470.46130563398,0.01884376838497892,0.8613353027607347
620,2023-10-26,34168.19923008328,-0.008768727313240188,0.8629901388119943
621,2023-10-27,33916.76423685646,-0.007358742892292658,0.8658108888651062
622,2023-10-28,34097.529089996075,0.005329660927476665,0.8711965046609234
623,2023-10-29,34551.36503872739,0.013309936550929269,0.8707459976801734
624,2023-10-30,34497.30370524424,-0.0015646656339787235,0.8700143008544564
625,2023-10-31,34653.68427295294,0.004533124357916973,0.8646405518301564
626,2023-11-01,35421.13090383127,0.022146177152001068,0.8682898699297066
627,2023-11-02,34934.74168206966,-0.013731611875469452,0.858340988245789
628,2023-11-03,34740.1173306426,-0.005571083169822133,0.8579643002896126
629,2023-11-04,35070.047845688896,0.00949710422409189,0.8542080953574224
630,2023-11-05,35053.76045609004,-0.00046442450465189467,0.8543798195154282
631,2023-11-06,35032.64532058074,-0.0006023643464944106,0.8533717457441083
632,2023-11-07,35448.2806676018,0.011864229584081176,0.8594563247347949
633,2023-11-08,35708.93657636417,0.007353132616121361,0.8580456742148361
634,2023-11-09,36718.29996585175,0.028266408531350207,0.8484450946892234
635,2023-11-10,37327.71400679534,0.016597011340675927,0.8698138724173594
636,2023-11-11,37128.810888320564,-0.005328564145089754,0.8738416090807072
637,2023-11-12,37057.80007585649,-0.0019125528333688857,0.8718705666124833
638,2023-11-13,36534.6332410215,-0.01411759019056913,0.8759057396440845
639,2023-11-14,35534.1172334461,-0.027385412656941943,0.8765944471345193
640,2023-11-15,37964.89283231469,0.06840680979632308,0.873989764984431
641,2023-11-16,36208.80073710577,-0.04625568424400195,0.8672015571243941
642,2023-11-17,36549.8505906689,0.009418976785211086,0.8623332967542293
643,2023-11-18,36580.419891496276,0.0008363727986122615,0.8633138000060427
644,2023-11-19,37420.24400937347,0.02295829627894519,0.862967127497318
645,2023-11-20,37485.769025447844,0.0017510579583062125,0.8566270826393335
646,2023-11-21,35969.24717751081,-0.04045593534195646,0.8430067526406609
647,2023-11-22,37459.03158130383,0.04141828146807813,0.8410312438672495
648,2023-11-23,37289.77650556166,-0.004518405004005688,0.8421667937254815
649,2023-11-24,37727.33702846596,0.01173406128725496,0.8382674529403649
650,2023-11-25,37803.473211033124,0.002018064050206325,0.8474590334624028
651,2023-11-26,37484.80355503841,-0.008429639631675756,0.8412326516222919
652,2023-11-27,37269.400987279856,-0.005746397135102499,0.8395443871281418
653,2023-11-28,37793.216542398746,0.014054842343660612,0.8300666935069014
654,2023-11-29,37827.18414956041,0.0008987752371794056,0.8346100873461263
655,2023-11-30,37714.61032287171,-0.0029760033483752224,0.8372036465303145
656,2023-12-01,38670.53035776816,0.025346146406204362,0.8364109103113526
657,2023-12-02,39476.85929972383,0.02085125118522435,0.836203631167018
658,2023-12-03,39944.90905195962,0.011856306720911425,0.8393157615302224
659,2023-12-04,41968.89957669015,0.05066954895548159,0.8422702404659215
660,2023-12-05,44139.714609322225,0.05172437339381086,0.8369919333655387
661,2023-12-06,43728.436862968534,-0.009317634923421747,0.8376636522295856
662,2023-12-07,43268.438483372134,-0.010519433407553347,0.834845985905141
663,2023-12-08,44191.71400394974,0.021338313859706748,0.8348604337977374
664,2023-12-09,43723.69223698158,-0.01059071315781801,0.8348158828937501
665,2023-12-10,43764.581031140384,0.0009351633420431327,0.8352950857241835
666,2023-12-11,41195.11550031206,-0.05871107343630322,0.8427524338483804
667,2023-12-12,41507.450692868144,0.007581850148076885,0.8487381546999022
668,2023-12-13,42910.62699406455,0.03380540789120312,0.8458380547702751
669,2023-12-14,43038.879007224794,0.0029888170400769187,0.8467403900932071
670,2023-12-15,41949.32730077563,-0.025315522420234604,0.8440031910156687
671,2023-12-16,42222.382849870126,0.006509175871562745,0.8355138965574449
672,2023-12-17,41413.098228374394,-0.019167194432708867,0.8354842682970121
673,2023-12-18,42679.42154111001,0.030577845341404286,0.8446015428651991
674,2023-12-19,42266.919591360835,-0.009665125131835262,0.8401164392641371
675,2023-12-20,43629.831486497875,0.032245356612541354,0.8414838463922872
676,2023-12-21,43879.58748413267,0.005724431865204105,0.842187684432143
677,2023-12-22,44026.9012829493,0.003357228434973214,0.8380246626237473
678,2023-12-23,43751.546442881096,-0.006254240749276718,0.8334102083081031
679,2023-12-24,43047.90684478947,-0.016082622336795582,0.8363873523590477
680,2023-12-25,43624.10331637578,0.013385005539614525,0.841110285123942
681,2023-12-26,42529.022984375064,-0.02510264392276096,0.8449858945426144
682,2023-12-27,43414.9531275116,0.020831189643411907,0.8390935521866822
683,2023-12-28,42624.57666725408,-0.018205166729908795,0.8365954572347858
684,2023-12-29,42077.0305270328,-0.012845784827276052,0.8346480332860317
685,2023-12-30,42215.290922134845,0.0032858876534362924,0.8350640657182996
686,2023-12-31,42225.16979763498,0.00023401178303750214,0.8384845088989604
687,2024-01-01,44152.226904436706,0.045637640204579055,0.8411741210911488
688,2024-01-02,44977.03809117667,0.018681077820269065,0.8399617936965841
689,2024-01-03,42830.90420516804,-0.04771621202930321,0.8488243906373106
690,2024-01-04,44230.16258401395,0.03266936350778882,0.8445965452395695
691,2024-01-05,44144.451255434375,-0.0019378479203365773,0.8421036614717441
692,2024-01-06,43951.96306364309,-0.004360416458174643,0.8443376281768229
693,2024-01-07,43903.64941542597,-0.0010992375504856877,0.8444113047241638
694,2024-01-08,46944.001216868666,0.06925054846065803,0.843533406196076
695,2024-01-09,46088.418790322816,-0.01822559654839151,0.8475980405454444
696,2024-01-10,46608.18980758818,0.011277692550704321,0.8521317938385786
697,2024-01-11,46393.10014658561,-0.004614846916186299,0.8568808834428234
698,2024-01-12,42897.85848045561,-0.07533968747693698,0.8571241698530221
699,2024-01-13,42838.73596987404,-0.0013782158987843962,0.853553086156912
700,2024-01-14,41769.43933665277,-0.024960975365221794,0.8532237723291223
701,2024-01-15,42582.921531398526,0.019475535407340816,0.8565077287983937
702,2024-01-16,43152.49342662568,0.01337559459858051,0.8536394153227824
703,2024-01-17,42730.92623338343,-0.009769242974547176,0.8453853332108322
704,2024-01-18,41261.24249519073,-0.034393912506500035,0.8483333560895866
705,2024-01-19,41609.56250778722,0.008441820738604333,0.8582599435536485
706,2024-01-20,41648.71864578855,0.0009410370030686899,0.8608310218601083
707,2024-01-21,41535.75916314732,-0.00271219586854321,0.8608770264206271
708,2024-01-22,39450.40187133021,-0.05020631219538052,0.8664743049825062
709,2024-01-23,39827.34939619788,0.009554973003750744,0.8770927457571858
710,2024-01-24,40110.3806221753,0.007106453988736439,0.8683233882575832
711,2024-01-25,39928.14467734016,-0.00454336114512921,0.8683995138557972
712,2024-01-26,41874.34393455977,0.04874254170703085,0.8654379959527244
713,2024-01-27,42115.223478639076,0.00575243744608267,0.8661171351410893
714,2024-01-28,42023.43720200737,-0.0021794085143168607,0.8710994621332984
715,2024-01-29,43260.518364565825,0.02943788621125365,0.8742165443734375
716,2024-01-30,42911.953177663134,-0.008057351138635371,0.8519982643199999
717,2024-01-31,42585.02506743466,-0.007618579114190727,0.8706285563313052
718,2024-02-01,43049.060500137675,0.010896680980419848,0.8692064000727033
719,2024-02-02,43163.942721844,0.002668634817383886,0.867827097002874
720,2024-02-03,42978.42812586093,-0.0042979066388479925,0.8665657641933612
721,2024-02-04,42597.652842411044,-0.008859683800784945,0.8665552290350126
722,2024-02-05,42660.52223439984,0.0014758886415966455,0.8723826452759066
723,2024-02-06,43100.80183361348,0.010320539368798842,0.8706969120031189
724,2024-02-07,44243.073358111855,0.02650232654390061,0.8696635339229186
725,2024-02-08,45330.38151855335,0.024575782781648625,0.8630676607556214
726,2024-02-09,47132.70022822099,0.03975961925072169,0.8567093727327286
727,2024-02-10,47778.30304073163,0.013697556248307041,0.854625465835758
728,2024-02-11,48254.94409132965,0.0099760983597863,0.8590427616064962
729,2024-02-12,49971.508918197025,0.0355728280115406,0.86695789312376
730,2024-02-13,49757.69965167232,-0.004278623382670044,0.8606359614423562
731,2024-02-14,51819.51461911969,0.0414371038428436,0.8633595288339019
732,2024-02-15,51932.744115201516,0.0021850744244533704,0.8544994766801282
733,2024-02-16,52182.30523643026,0.004805467638589356,0.8522832540742022
734,2024-02-17,51665.38478447679,-0.009906048604241935,0.8498935105328385
735,2024-02-18,52122.545455589316,0.008848490590355196,0.8511686710618848
736,2024-02-19,51770.63461692279,-0.00675160500298988,0.8508244766820116
737,2024-02-20,52300.93374582081,0.010243241807290415,0.8583540714348981
738,2024-02-21,51847.05828695659,-0.008678152116174953,0.8691314932485091
739,2024-02-22,51321.394587837734,-0.010138737210691473,0.8679952365340386
740,2024-02-23,50723.74776329093,-0.011645178961844471,0.8676534162565526
741,2024-02-24,51569.852896552395,0.016680650988367907,0.8658896396127538
742,2024-02-25,51730.16571220854,0.0031086537318174567,0.8654052183925343
743,2024-02-26,54521.831888333836,0.05396592370602926,0.8581964220418088
744,2024-02-27,57040.002844995666,0.04618647006981158,0.8564918998258134
745,2024-02-28,62547.6812033348,0.09655817117166121,0.8684434614993337
746,2024-02-29,61296.28783919828,-0.02000703047757113,0.8725126232446305
747,2024-03-01,62486.38913275429,0.019415552483015963,0.8681378484584262
748,2024-03-02,62022.12807711209,-0.007429794905509102,0.8686986277753124
749,2024-03-03,63119.390901245846,0.017691473320127438,0.869305200764182
750,2024-03-04,68365.42639097848,0.08311289787223042,0.8771614806146385
751,2024-03-05,63889.51842693471,-0.06547034371505667,0.875483847757783
752,2024-03-06,66125.97716824335,0.03500509624072845,0.9268394476937925
753,2024-03-07,66996.43550696514,0.01316363668255649,0.9406645367145479
754,2024-03-08,68350.04413064609,0.02020418867717555,0.925568473753518
755,2024-03-09,68511.18707639222,0.002357612899826611,0.9247294301465778
756,2024-03-10,68989.04103917917,0.00697483116522446,0.931551032520396
757,2024-03-11,72106.09190897494,0.04518182631391543,0.9304324351153334
758,2024-03-12,71455.53510572789,-0.009022216930967386,0.9328950188202711
759,2024-03-13,73104.5022761031,0.023076829078885863,0.9285228567076391
760,2024-03-14,71401.28095361925,-0.023298446326206812,0.9339710411342284
761,2024-03-15,69522.72820350363,-0.026309790595155924,0.9457395084057155
762,2024-03-16,65222.44086567228,-0.061854410046219055,0.9458321307345475
763,2024-03-17,68550.5518606481,0.05102708440228687,0.938166551459061
764,2024-03-18,67725.64608349965,-0.012033539552319672,0.9436761615434807
765,2024-03-19,61860.497272942885,-0.08660159259795863,0.9485250981103548
766,2024-03-20,67880.97212392565,0.09732341504496844,0.9493986463121613
767,2024-03-21,65471.572577690014,-0.03549447615212342,0.94818792348707
768,2024-03-22,63582.344461741835,-0.028855700902958747,0.9449842460872686
769,2024-03-23,64015.462395880066,0.006811921419457079,0.9362483664653588
770,2024-03-24,67255.20335053414,0.050608725351682704,0.9368603429931252
771,2024-03-25,69962.14171966423,0.04024875748306833,0.9041391346340932
772,2024-03-26,70007.28641487475,0.0006452732020614249,0.9091079786853367
773,2024-03-27,69478.68964281777,-0.007550596503975604,0.9129467452282337
774,2024-03-28,70747.30476773762,0.018259053696056293,0.909759187389596
775,2024-03-29,69898.04850404928,-0.012004079398875156,0.912418395238147
776,2024-03-30,69661.22972139201,-0.003388060006332627,0.9168844079142966
777,2024-03-31,71354.85087466771,0.024312248865678843,0.9151822146197425
778,2024-04-01,69704.08885361027,-0.023134545175589327,0.9130233269633518
779,2024-04-02,65458.84823298128,-0.06090375314344432,0.9174618794514142
780,2024-04-03,66041.84638252274,0.008906330699043785,0.9161160431886856
781,2024-04-04,68539.45602108122,0.03781859192869952,0.9071315348145236
782,2024-04-05,67887.10700078699,-0.009517861071053568,0.9101204031202601
783,2024-04-06,68960.28535495602,0.01580827938590157,0.9160640144961034
784,2024-04-07,69374.90042085954,0.0060123745684836916,0.9170371121735976
785,2024-04-08,71634.15423038145,0.03256586742202505,0.9192564039334667
786,2024-04-09,69148.7225107242,-0.03469618293619958,0.928791775719279
787,2024-04-10,70514.28371120086,0.019748176841081655,0.9298366671326928
788,2024-04-11,70090.10010874529,-0.006015569897765083,0.9268970529111055
789,2024-04-12,67246.1811739544,-0.040575187228703125,0.9215233254307919
790,2024-04-13,64459.339491542734,-0.04144237834417075,0.9213420431387046
791,2024-04-14,65771.22528599312,0.02035214454256873,0.9186352784464474
792,2024-04-15,63488.451171049936,-0.03470779364405929,0.9148749653553337
793,2024-04-16,63749.04751670838,0.004104625972940257,0.9169955789337916
794,2024-04-17,61331.6803360844,-0.037920051746504924,0.9174486141612253
795,2024-04-18,63521.500028711096,0.03570454421967506,0.9151904030715018
796,2024-04-19,64013.440650011675,0.0077444742501078245,0.9149922802082443
797,2024-04-20,64900.55033938684,0.013858178538244337,0.9143778882824127
798,2024-04-21,64949.46071605513,0.0007536203685873932,0.9181328178830971
799,2024-04-22,66857.5356562364,0.029377841157495643,0.9149985691562774
800,2024-04-23,66403.1484328433,-0.006796350163569276,0.8962054129375524
801,2024-04-24,64267.784807425625,-0.032157565956037026,0.911676663374458
802,2024-04-25,64509.80033896809,0.003765736321356794,0.9150505360191054
803,2024-04-26,63787.11946301585,-0.011202652498611076,0.9142250938829927
804,2024-04-27,63486.509332613685,-0.004712708975304292,0.9133661124494632
805,2024-04-28,63054.53910677473,-0.006804126268398325,0.9182576607632855
806,2024-04-29,63830.83144851215,0.012311442645276838,0.919890989328007
807,2024-04-30,60734.71301640639,-0.048505061924552506,0.9207147727988355
808,2024-05-01,58295.17616105241,-0.04016709282375275,0.9181982977692164
809,2024-05-02,59132.39907534907,0.014361787191167652,0.9239725891544032
810,2024-05-03,62880.9316945143,0.06339219578066979,0.9226896062419427
811,2024-05-04,63892.454987449404,0.016086328011951867,0.9221344384593767
812,2024-05-05,64044.04745645259,0.0023726192557942394,0.9226013022571267
813,2024-05-06,63165.90748546369,-0.01371150022312373,0.9228785851187555
814,2024-05-07,62364.82072933595,-0.012682264658543718,0.9242577590352825
815,2024-05-08,61158.57647176613,-0.019341741761832898,0.9202731563167126
816,2024-05-09,63046.764714503515,0.030873646047158587,0.9195830512614315
817,2024-05-10,60784.67096824597,-0.035879616606832254,0.923697358829293
818,2024-05-11,60777.849157629746,-0.00011222912796204909,0.9238275514968772
819,2024-05-12,61478.16353132309,0.011522526436844593,0.9236351209878244
820,2024-05-13,62894.269218947535,0.02303428740032132,0.9227545879095399
821,2024-05-14,61574.30573314524,-0.020987023177059916,0.9264549826092977
822,2024-05-15,66226.02714541563,0.07554646953601596,0.9191015223595479
823,2024-05-16,65259.43310639857,-0.014595380104783673,0.9191380725552599
824,2024-05-17,67021.33035845091,0.02699835362007752,0.9245972643312116
825,2024-05-18,66935.46093854148,-0.0012812252375501432,0.9177157943837133
826,2024-05-19,66309.34380026271,-0.009354042379026262,0.9237722252368756
827,2024-05-20,71409.6796868195,0.07691730296592958,0.9200429425571256
828,2024-05-21,70157.41284601412,-0.01753637386832463,0.9238718887745992
829,2024-05-22,69173.29954215219,-0.014027217708582285,0.9277789065627279
830,2024-05-23,67901.10680650045,-0.018391384306837955,0.9285369489532915
831,2024-05-24,68529.72023454972,0.009257778814131035,0.930275927925146
832,2024-05-25,69279.52637138467,0.010941327854085303,0.9303765844439249
833,2024-05-26,68518.4773050655,-0.010985194417170607,0.9366045589640708
834,2024-05-27,69385.73672562964,0.012657307264766438,0.929967162642351
835,2024-05-28,68280.59426435464,-0.01592751642380097,0.9922578574019667
836,2024-05-29,67573.78972130302,-0.010351470292059295,0.9975218024025572
837,2024-05-30,68378.32320553702,0.01190599916849644,0.9777833946694737
838,2024-05-31,67488.32417024332,-0.013015806670462982,0.9795188443614025
839,2024-06-01,67705.14871616491,0.003212771225058697,0.979411461151175
840,2024-06-02,67753.80985707564,0.0007187214241966,0.979550839316258
841,2024-06-03,68808.69959745751,0.015569452737892231,0.983506106672156
842,2024-06-04,70619.76594760151,0.02632031066913121,0.9861183717800369
843,2024-06-05,71114.46347087465,0.007005085851462534,0.9784136450785823
844,2024-06-06,70799.08271358031,-0.004434832830082391,0.9852233716894758
845,2024-06-07,69343.5217611093,-0.020559036878479486,0.9815555822298162
846,2024-06-08,69307.35232829291,-0.0005215978637628238,0.9872369824975
847,2024-06-09,69646.02740206437,0.0048865677650942185,0.9877811545230962
848,2024-06-10,69482.52340832476,-0.0023476427850752657,0.9956973377776835
849,2024-06-11,67329.08602109464,-0.030992504036952084,0.9921006392324205
850,2024-06-12,68237.54074402753,0.013492752933676577,0.9948905300824712
851,2024-06-13,66751.05848137726,-0.021783936619673372,0.9973257828431717
852,2024-06-14,66010.3307548423,-0.011096868624811518,0.9987664880155029
853,2024-06-15,66188.60983396665,0.0027007754253869365,0.9996681878973221
854,2024-06-16,66625.38252501369,0.00659891017718417,1.0000249423282714
855,2024-06-17,66492.79817934972,-0.0019899975150490246,1.0036179620656578
856,2024-06-18,65160.12415372169,-0.02004238146262738,1.0100205882586226
857,2024-06-19,64929.80450336612,-0.003534671754341967,1.0129131462693552
858,2024-06-20,64855.253992402555,-0.0011481708829063075,1.0039337704699187
859,2024-06-21,64066.10516192014,-0.01216784735088483,0.9986964752135837
860,2024-06-22,64259.33012541279,0.003016024823177421,1.0089981877180132
861,2024-06-23,63216.66424396606,-0.016225906485669794,1.0059641124128056
862,2024-06-24,60318.180447384606,-0.0458499959029095,1.0142808595568027
863,2024-06-25,61802.37023043007,0.024606010526794897,1.0057756177970165
864,2024-06-26,60778.06531776231,-0.016573877488009536,1.009428868325674
865,2024-06-27,61588.17699551594,0.013329013905233333,1.0196609260723322
866,2024-06-28,60301.98189503706,-0.020883798859195335,1.0164397437502342
867,2024-06-29,60871.08684403626,0.009437582830856162,0.9772072390538091
868,2024-06-30,62754.31036085512,0.03093789867172969,0.9774926062856902
869,2024-07-01,62833.06706734281,0.0012550007487106551,0.9802285090826081
870,2024-07-02,62024.394515203814,-0.01287017473255414,0.9806313589359829
871,2024-07-03,60232.047441225994,-0.028897453783905402,0.9835276610710512
872,2024-07-04,57170.33824918639,-0.05083189634267704,1.0084516583151266
873,2024-07-05,56740.66900761379,-0.007515597331256174,1.0252559702184612
874,2024-07-06,58208.97853862018,0.025877550559182838,1.025375646430906
875,2024-07-07,55884.88145343433,-0.0399267800867501,1.026495119891694
876,2024-07-08,56650.62117229776,0.013702090779265097,1.0232389206309986
877,2024-07-09,58021.534037779216,0.02419943218825349,1.0251986450254205
878,2024-07-10,57720.30081057975,-0.005191748756648296,1.0124058114219252
879,2024-07-11,57369.02621388974,-0.006085806757015755,1.010234077932976
880,2024-07-12,57907.28272750807,0.009382354018203864,1.0097858251285823
881,2024-07-13,59225.00122748089,0.02275566108279592,1.0174301795571052
882,2024-07-14,60748.80782384253,0.025729110422619605,1.0133265099982847
883,2024-07-15,64816.93993186202,0.06696645175023241,1.0010176880580894
884,2024-07-16,65172.116484995255,0.0054796871544169345,1.00689895743845
885,2024-07-17,64120.92026283931,-0.016129539423473616,1.008875937267482
886,2024-07-18,63959.43004776685,-0.002518526159800749,1.0163622854394043
887,2024-07-19,66707.06780882782,0.04295907200875537,1.0107443901636257
888,2024-07-20,67204.95148327693,0.007463731967292775,1.012785206048099
889,2024-07-21,68077.26588801136,0.012979912721929221,1.0085537321653777
890,2024-07-22,67614.90743512612,-0.006791671887144024,1.0063608606094252
891,2024-07-23,65929.59089767156,-0.0249252213954676,1.0115540599649566
892,2024-07-24,65399.019272727106,-0.008047549176635194,1.0091353347958847
893,2024-07-25,65726.34477302867,0.005005052123741471,1.0048588158810678
894,2024-07-26,67896.87874151561,0.03302380462480303,1.0064123770503024
895,2024-07-27,68069.82457818405,0.002547183904091588,1.0054050586466388
896,2024-07-28,68222.7149148794,0.0022460809564703865,1.005830900121503
897,2024-07-29,66805.98547582807,-0.020766242457793793,0.9941566021131825
898,2024-07-30,66225.46961918261,-0.008689578523701447,0.994264653914256
899,2024-07-31,64687.83744332441,-0.0232181392551849,0.979216915798165
900,2024-08-01,65361.28985661052,0.010410804254758821,0.9675727733482606
901,2024-08-02,61414.670390351836,-0.060381603161699715,0.9717969951544524
902,2024-08-03,60692.74655132834,-0.011754908630705718,0.9718723026836933
903,2024-08-04,58008.06048706078,-0.04423405129634561,0.9711873122149368
904,2024-08-05,54017.787525387546,-0.06878824991163601,0.9763183232492965
905,2024-08-06,56002.98786390631,0.036750863548155266,0.973514209456381
906,2024-08-07,55041.60392364597,-0.017166654439877638,0.9743219971320084
907,2024-08-08,61784.68076729787,0.12250872727120998,0.9704939081142592
908,2024-08-09,60925.357310865016,-0.013908357958008377,0.9697226159979881
909,2024-08-10,60879.10477851424,-0.0007591671906785891,0.9773172627499987
910,2024-08-11,58757.773428524335,-0.03484498265386082,0.9772118687629481
911,2024-08-12,59342.120678938976,0.009945020315064612,0.9771731581380821
912,2024-08-13,60595.34819049493,0.021118684287276146,0.9749741733146798
913,2024-08-14,58732.33657573327,-0.03074512599391077,0.9631975262739216
914,2024-08-15,57619.46498654645,-0.018948191985377782,0.9588013618400083
915,2024-08-16,58921.33608236188,0.02259429337150909,0.9521037811117882
916,2024-08-17,59446.2624508841,0.008908935258841844,0.9580994841328411
917,2024-08-18,58482.74531725411,-0.016208203744113803,0.9594700155975913
918,2024-08-19,59569.72294939524,0.01858629628695696,0.9556203195735639
919,2024-08-20,59051.27748698387,-0.008703170616586431,0.957855760409153
920,2024-08-21,61164.694416757906,0.035789520899693894,0.950468974210033
921,2024-08-22,60388.15339234167,-0.012695902952201688,0.9506093700575619
922,2024-08-23,64033.18995774379,0.06036012629365106,0.9549124919476932
923,2024-08-24,64120.173232814515,0.001358409211350109,0.9614581390731449
924,2024-08-25,64308.38316617404,0.0029352686349761736,0.9617401744843496
925,2024-08-26,62929.60786265167,-0.021440055489493348,0.9590931420213394
926,2024-08-27,59545.84053510911,-0.05377067238251143,0.9454643448547125
927,2024-08-28,59024.8230392339,-0.00874985542555251,0.9515429364029173
928,2024-08-29,59352.72903311219,0.00555539139287764,0.9449354788134435
929,2024-08-30,59145.629964946354,-0.0034892931047921794,0.9412011339042342
930,2024-08-31,58971.65433649913,-0.0029414789993839063,0.9416967873981371
931,2024-09-01,57319.94854396987,-0.02800846968111892,0.9472363047614775
932,2024-09-02,59099.379977351666,0.031043842127960186,0.9476481795798205
933,2024-09-03,57469.42269851668,-0.027579938731330578,0.9423596996703807
934,2024-09-04,57982.587216100044,0.008929348747340082,0.9435773246024931
935,2024-09-05,56163.84947799361,-0.03136696421165264,0.9509287852148375
936,2024-09-06,53914.8198573214,-0.04004407891509343,0.948344210035424
937,2024-09-07,54174.6012164995,0.004818366450366929,0.9476625234109854
938,2024-09-08,54796.31107072654,0.011476039329620269,0.9503936697830574
939,2024-09-09,57106.04884717565,0.04215133703923768,0.9493221165398881
940,2024-09-10,57626.38294112928,0.009111715912024199,0.9405853971297256
941,2024-09-11,57388.93978316275,-0.004120389756356979,0.9374413433432202
942,2024-09-12,58121.31825597563,0.012761665846765746,0.937760590219754
943,2024-09-13,60637.8903086522,0.043298605884904084,0.9369643641706392
944,2024-09-14,60001.45441498172,-0.0104956800184004,0.9377868875093707
945,2024-09-15,59207.19110176031,-0.013237401009117744,0.9423110288506571
946,2024-09-16,58232.17974645846,-0.01646778604352439,0.9394197854599284
947,2024-09-17,60304.89128411122,0.035593919833969645,0.9368780000958199
948,2024-09-18,61321.144118524906,0.01685191387918894,0.943820421078744
949,2024-09-19,62967.547022798564,0.026848861480656572,0.9453021978516968
950,2024-09-20,63122.17999859899,0.002455756705028289,0.9574412344701639
951,2024-09-21,63486.442219854885,0.005770748432072148,0.9581085065094018
952,2024-09-22,63567.37010727487,0.0012747270848747494,0.9587726237858624
953,2024-09-23,63322.55139068968,-0.0038513268076380003,0.9578882636807767
954,2024-09-24,64338.71249997447,0.016047381019366203,0.9568731734562569
955,2024-09-25,63078.05080154701,-0.0195941393516067,0.951179972834735
956,2024-09-26,65134.20923808443,0.0325970509616158,0.9434869566824813
957,2024-09-27,65767.3370500298,0.009720357694542825,0.9438942704226615
958,2024-09-28,65920.33716840837,0.0023263845738832334,0.947174900553719
959,2024-09-29,65673.00463949695,-0.0037519912599892624,0.9468924911015937
960,2024-09-30,63245.67488637346,-0.0369608451211878,0.9490728165785988
961,2024-10-01,60895.04034291223,-0.03716672401210608,0.94981797071649
962,2024-10-02,60649.18689501157,-0.004037331226257712,0.9483445420043692
963,2024-10-03,60740.512269372426,0.001505797176126089,0.9535653826012643
964,2024-10-04,62104.674280311265,0.022458849291376426,0.9495928027445282
965,2024-10-05,62075.343850140736,-0.0004722741164078226,0.9511079723362721
966,2024-10-06,62824.62368955884,0.012070490358087715,0.9505072164368299
967,2024-10-07,62306.874634228996,-0.008241180367243306,0.9396767475937441
968,2024-10-08,62184.59412909599,-0.0019625523804692735,0.9364543450580652
969,2024-10-09,60591.1857899384,-0.025623843999844298,0.9371997463102666
970,2024-10-10,60232.825862985264,-0.005914390389973878,0.9379915699191742
971,2024-10-11,62401.4271592908,0.03600364527539446,0.9364745697824957
972,2024-10-12,63185.402645996015,0.012563422383016665,0.9357708913569521
973,2024-10-13,62799.2082591529,-0.006112082390402951,0.9399104954850362
974,2024-10-14,66058.75896604046,0.05190432805197798,0.9394402337910326
975,2024-10-15,67025.20275302984,0.014630062721677994,0.9388201387503611
976,2024-10-16,67642.15174768808,0.009204731493786644,0.9395346321945337
977,2024-10-17,67316.26328916375,-0.00481783104328104,0.94565623368889
978,2024-10-18,68446.84003451427,0.016795001536166865,0.9525156850220345
979,2024-10-19,68369.9047054396,-0.0011240157914649274,0.9469801604765892
980,2024-10-20,68937.60773716363,0.008303405338502046,0.9455724906802669
981,2024-10-21,67409.96019324688,-0.022159857210902523,0.9456389140298288
982,2024-10-22,67346.73406074244,-0.0009379345770741399,0.9470637061395507
983,2024-10-23,66678.70706327811,-0.00991921890171854,0.9481705319116445
984,2024-10-24,68170.20984258495,0.022368501805102525,0.949981738576071
985,2024-10-25,66501.35095598946,-0.024480764991763104,0.9429133951782122
986,2024-10-26,67018.1550845578,0.007771332779545448,0.9435378396555338
987,2024-10-27,67943.96759945866,0.013814353942342095,0.9436787036139341
988,2024-10-28,69842.8951779753,0.027948435241685443,0.941472493580431
989,2024-10-29,72737.4266476475,0.041443463394469804,0.939650145828854
990,2024-10-30,72331.83093268512,-0.005576162556962028,0.9327051562317389
991,2024-10-31,70251.01966183445,-0.028767573612054065,0.9384379595579192
992,2024-11-01,69513.1578978095,-0.010503217854726854,0.9419715176605218
993,2024-11-02,69293.20514225149,-0.003164188798347567,0.9436225253541801
994,2024-11-03,68823.93585139522,-0.0067722266547335375,0.9448259563958467
995,2024-11-04,67762.77762825153,-0.015418447230843402,0.9523146079967222
996,2024-11-05,69372.35710894185,0.02375315087466645,0.9559041691263244
997,2024-11-06,75638.9896651287,0.09033327995970741,0.9456159134469898
998,2024-11-07,75958.46348126252,0.00422366583091871,0.9347240110110011
999,2024-11-08,76544.7567005686,0.007718602936863217,0.9330266119165453
1000,2024-11-09,76707.99806089245,0.00213262628768196,0.9385951013207876
1001,2024-11-10,80424.63181659808,0.048451711029601885,0.9422673364433503
1002,2024-11-11,88766.33587988174,0.1037207615983402,0.9384114303689383
1003,2024-11-12,88223.58920371576,-0.0061143300642758636,0.9335274196844636
1004,2024-11-13,90445.53527526742,0.025185396463762055,0.9358635669926527
1005,2024-11-14,87369.35520452945,-0.03401140875971087,0.9553357799079659
1006,2024-11-15,90932.81263441448,0.040786124855140216,0.9590445172546876
1007,2024-11-16,90562.41890709508,-0.004073268126089213,0.9612460452604669
1008,2024-11-17,89804.7894210569,-0.008365826522538033,0.9634050199310541
1009,2024-11-18,90553.76577366957,0.008340049093607194,0.9652832468275777
1010,2024-11-19,92238.19162229066,0.018601389287676406,0.9698218009159505
1011,2024-11-20,94193.78083387877,0.02120151292206729,0.9724262214773016
1012,2024-11-21,98514.52741115143,0.045870826492173444,0.9842433207936601
1013,2024-11-22,98978.12401605131,0.004705870464820405,0.985669397727265
1014,2024-11-23,97658.10158317744,-0.013336506889742639,0.9798474367827698
1015,2024-11-24,97933.81557432354,0.0028232577397715453,0.9758148376426468
1016,2024-11-25,93049.01593785587,-0.049878579812511314,0.9892712427576249
1017,2024-11-26,91957.6723228167,-0.011728695935570688,0.9999245160555233
1018,2024-11-27,95981.58055424393,0.04375826540390615,0.9974319688910177
1019,2024-11-28,95651.19644955784,-0.0034421615353518176,0.9951409274257191
1020,2024-11-29,97447.13236798394,0.018775885562217542,0.9950570813157389
1021,2024-11-30,96514.05270971672,-0.009575239779695988,0.9968247488900588
1022,2024-12-01,97311.45523787529,0.008262035483650232,0.9971565545091149
1023,2024-12-02,95842.79759068145,-0.015092340810274996,0.9862761973394858
1024,2024-12-03,96000.78135073867,0.001648363403705444,0.988513950141429
1025,2024-12-04,98862.25954845478,0.029806821959726504,0.9800843938104408
1026,2024-12-05,97124.85571884968,-0.017573984628113437,0.9824168537778635
1027,2024-12-06,99945.31709726728,0.02903954253051433,0.993809993828977
1028,2024-12-07,99805.30541165882,-0.0014008828995180078,0.9961768344113922
1029,2024-12-08,101267.82287720391,0.014653704625348096,0.9962424567688223
1030,2024-12-09,97465.93783115543,-0.037542873323726966,1.0088158923664325
1031,2024-12-10,96715.57247792449,-0.007698744504268107,1.0136872950259557
1032,2024-12-11,101175.22826357752,0.04611104159747348,1.0109540397695544
1033,2024-12-12,100042.5938470034,-0.011194779947749867,1.003638402699443
1034,2024-12-13,101369.2707038183,0.0132611201469226,0.9993723344591855
1035,2024-12-14,101358.96186487323,-0.00010169589732167417,1.0027927264410412
1036,2024-12-15,104597.59050026,0.031952069908769865,1.0063341971734705
1037,2024-12-16,105984.74308957036,0.013261802520268429,0.9991231963479577
1038,2024-12-17,106102.91595976563,0.0011149988833336621,1.0009710661710531
1039,2024-12-18,100121.47275150687,-0.05637397572114733,1.0073564142797602
1040,2024-12-19,97622.69150911392,-0.024957495866992585,0.999461138063242
1041,2024-12-20,97749.94032356501,0.0013034757850249878,1.0000483971084413
1042,2024-12-21,97204.05092142406,-0.0055845497228333985,1.0008549539719735
1043,2024-12-22,95087.00635015262,-0.021779386262232858,1.0013302360889957
1044,2024-12-23,94707.54975058367,-0.003990625156202965,1.0037112859894388
1045,2024-12-24,98744.59504894268,0.04262643589651227,1.0163457944798808
1046,2024-12-25,99475.42518745258,0.007401216625048335,1.0200237188977568
1047,2024-12-26,95708.51979049973,-0.0378676983773073,1.0187904737616502
1048,2024-12-27,94305.78677961134,-0.014656302426982348,1.016012394283735
1049,2024-12-28,95203.75052849884,0.00952183083935254,1.0159700420731625
1050,2024-12-29,93620.0832300121,-0.016634505360297536,1.0168221651132736
1051,2024-12-30,92652.48417425028,-0.010335379144927215,1.0260689873778162
1052,2024-12-31,93460.42552711534,0.008720126179731835,1.0214560918746798
1053,2025-01-01,94397.1460817957,0.010022643802414466,1.0195729273053575
1054,2025-01-02,96861.96531975128,0.02611116268091207,1.0192148305896962
1055,2025-01-03,98085.45367359831,0.01263125675602561,1.0198991304104965
1056,2025-01-04,98271.5847665466,0.0018976421678966737,1.0209724519899726
1057,2025-01-05,98374.9555651139,0.0010518889953068378,1.0204484416595085
1058,2025-01-06,102236.72731234768,0.03925563905010043,1.0178911120939143
1059,2025-01-07,96921.55692524034,-0.05198885495296368,1.0201652156976857
1060,2025-01-08,95019.71879970259,-0.019622447119836406,1.0216171296231737
1061,2025-01-09,92423.14050789371,-0.0273267309628894,1.0231540023014711
1062,2025-01-10,94744.92736432921,0.025121272050230736,1.0344305385000592
1063,2025-01-11,94570.96421586441,-0.0018361209755942687,1.0363770919564015
1064,2025-01-12,94458.17483173967,-0.0011926428482561535,1.0382439623096156
1065,2025-01-13,94398.41426967924,-0.000632666914927027,1.0371315517858661
1066,2025-01-14,96579.2708869885,0.023102682753535886,1.037310347633937
1067,2025-01-15,100362.37324973244,0.039170955920455386,1.0409845429179994
1068,2025-01-16,100033.45627035569,-0.003277293757873778,1.0322370671895467
1069,2025-01-17,104167.92470206751,0.04133085655400914,1.0243008962555102
1070,2025-01-18,104325.92436943318,0.001516778488364512,1.0266827806917966
1071,2025-01-19,101672.76903058708,-0.025431409833004626,1.0277967121445617
1072,2025-01-20,101944.41994650115,0.002671815851030379,1.0288895750794942
1073,2025-01-21,106159.1582011072,0.041343491451693914,1.0205724711811386
1074,2025-01-22,103725.79779359649,-0.022921813329576102,1.009946444971968
1075,2025-01-23,104070.07359391633,0.003319095226482771,1.0083664640485404
1076,2025-01-24,104746.02595606775,0.006495165601486885,1.009407624671091
